FID,Shape *,Lakes_OBJE,FDate,GNIS_Name,Shape_Leng,Shape_Area,EWM,VLM,CLP,WC,Fan,SWF,BN,YFH,Inv,Durb,Road_Dens,X,Y,ele,Lakes_freq,ws_area,area_up,sf_dens,ewm_up,launch_num,edit,URB_ISO,Lakes1.public_acc,Lakes1.vlm_up,Rowid,LAKES_POINT *,X,Y,CLIMTMIN_4,CLIMTMIN_3,CLIMTMIN_2,CLIMTMIN_1,CLIMTMIN_12,CLIMTMIN_11,CLIMTMIN_10,CLIMTMEAN_4,CLIMTMEAN_3,CLIMTMEAN_2,CLIMTMEAN_1,CLIMTMEAN_12,CLIMTMEAN_11,CLIMTMEAN_10,CLIMTMAX_4,CLIMTMAX_3,CLIMTMAX_2,CLIMTMAX_1,CLIMTMAX_12,CLIMTMAX_11,CLIMTMAX_10,CLIMTMIN_9,CLIMTMIN_8,CLIMTMIN_7,CLIMTMIN_6,CLIMTMIN_5,CLIMTMEAN_9,CLIMTMEAN_8,CLIMTMEAN_7,CLIMTMEAN_6,CLIMTMEAN_5,CLIMTMAX_9,CLIMTMAX_8,CLIMTMAX_7,CLIMTMAX_6,CLIMTMAX_5
0,Polygon ZM,18609,4/10/2009,Pyramid Lake,9.439403,69.458885,0,0,0,0,0,0,0,0,0,15196.57759,0.753801,608189.6063,4857950.586,295.700012,31,4.309741,0,0,14,0,0,178.975232,0,5,82,0,608189.6063,4857950.586,-6,-73,-135,-145,-103,-27,19,56,-15,-73,-86,-53,20,80,119,44,-10,-26,-2,67,142,77,118,129,103,53,141,183,197,171,123,205,249,265,239,193
1,Polygon ZM,19180,10/30/2012,Indian Lake (Hamilton),106.961662,1742.270552,0,0,0,0,0,0,0,0,0,45795.58403,1.822319,553992.622,4837162.314,503.300018,72,336.021129,398.248033,0.085707,0,3,0,236.084763,1,0,108,1,553992.622,4837162.314,-20,-88,-141,-149,-109,-34,11,42,-28,-79,-91,-60,12,72,105,33,-17,-32,-10,58,133,68,103,112,86,39,130,167,177,153,108,193,231,242,220,177
2,Polygon ZM,19181,4/10/2009,Thirteenth Lake,7.904253,131.45554,0,0,0,0,0,0,0,0,0,33712.08805,0.303949,570318.9778,4839355.076,510,238,27.896053,31.922337,0,0,1,0,214.523195,1,0,105,2,570318.9778,4839355.076,-20,-87,-141,-149,-109,-35,11,42,-27,-79,-91,-60,11,72,104,33,-17,-32,-10,57,133,68,104,113,87,40,130,168,178,153,108,193,232,243,220,177
3,Polygon ZM,19706,8/28/2002,Pine Lake,4.691602,67.323846,0,0,0,0,0,0,0,0,0,17446.99277,2.887286,539592.4103,4782842.288,477,10,11.254468,0,0,0,0,0,277.063821,1,0,133,3,539592.4103,4782842.288,-11,-76,-130,-137,-100,-28,18,49,-21,-73,-83,-54,16,77,110,35,-15,-29,-7,61,137,76,115,124,97,48,136,176,187,161,113,196,237,250,226,179
4,Polygon ZM,26535,1/12/2013,Adirondack Lake,10.437415,78.039547,0,0,0,0,0,0,0,0,0,47551.20798,6.647422,559194.256,4848827.798,506,238,3.737731,0,0.235985,0,0,0,210.07192,1,0,96,4,559194.256,4848827.798,-21,-90,-143,-150,-110,-35,9,41,-29,-81,-92,-60,11,70,104,32,-18,-33,-10,57,132,67,101,109,84,37,130,166,175,151,106,193,231,241,219,176
5,Polygon ZM,28711,10/30/2012,Lake Abanakee,36.673002,214.459182,0,0,0,0,0,0,0,0,0,45129.5767,4.398405,560430.6858,4846458.944,487,238,503.57447,2630.509633,0.082591,0,1,0,214.170398,1,0,98,5,560430.6858,4846458.944,-20,-90,-142,-150,-110,-35,10,42,-29,-80,-92,-60,11,71,104,32,-17,-33,-10,58,133,67,102,110,84,37,130,166,175,151,106,193,231,241,219,176
6,Polygon ZM,28714,10/30/2012,Friends Lake,11.657484,181.055137,0,0,0,0,0,0,0,0,0,11550.47848,5.969034,593265.1153,4830981.82,279.200012,35,14.394133,14.725891,0,0,0,0,212.276832,0,0,112,6,593265.1153,4830981.82,-5,-71,-131,-140,-99,-24,21,58,-12,-69,-81,-50,23,83,122,47,-6,-22,0,70,146,80,121,131,104,55,144,186,198,172,124,208,251,265,240,194
7,Polygon ZM,32007,4/10/2009,Garnet Lake,11.801269,126.262123,0,0,0,0,0,0,0,0,0,17895.47154,4.196331,579005.4062,4818888.294,448,141,21.741148,47.97725,0,0,1,0,228.983276,1,0,119,7,579005.4062,4818888.294,-14,-79,-135,-144,-104,-30,15,48,-21,-74,-86,-55,16,75,110,38,-13,-28,-6,62,136,73,112,122,94,46,134,175,186,159,113,196,238,250,225,181
8,Polygon ZM,32753,4/10/2009,Mason Lake,7.648467,42.233483,0,0,0,0,0,0,0,0,0,51011.15164,3.620499,546688.5061,4827238.385,548,72,1.455439,0,0.917374,0,1,0,232.353902,1,0,113,8,546688.5061,4827238.385,-21,-90,-143,-150,-111,-35,11,40,-30,-81,-92,-62,10,71,102,30,-19,-34,-12,56,131,68,103,112,86,38,129,166,176,152,106,190,229,240,218,174
9,Polygon ZM,35315,9/15/2011,Hinckley Reservoir,42.687558,1094.901224,0,0,0,0,0,0,0,0,0,16159.32416,2.87819,494012.1514,4797770.496,372.800018,126,956.428828,1826.076838,0.052764,0,0,0,287.57264,1,0,129,9,494012.1514,4797770.496,-8,-76,-133,-141,-99,-25,23,53,-19,-74,-85,-52,19,82,114,39,-14,-29,-5,64,141,80,120,129,102,50,140,181,193,167,117,200,243,257,232,184
10,Polygon ZM,38629,1/12/2013,Canada Lake,26.451852,360.725298,0,0,0,0,0,0,0,0,0,13974.52913,3.180629,538113.9878,4779258.175,472.399994,10,93.782973,314.045118,0.201586,0,2,0,288.67279,1,0,134,10,538113.9878,4779258.175,-10,-74,-127,-134,-97,-28,20,50,-19,-70,-81,-51,17,79,111,37,-13,-28,-5,62,138,78,116,126,99,50,138,177,189,164,116,198,239,252,229,182
11,Polygon ZM,38630,1/12/2013,Oxbow Lake,7.883507,126.215376,0,0,0,0,0,0,0,0,0,39875.7552,4.00243,541951.9417,4810072.809,520,154,13.366026,15.34891,0.426652,0,0,0,251.498246,0,0,123,11,541951.9417,4810072.809,-17,-84,-139,-146,-107,-33,14,44,-26,-79,-90,-59,12,73,106,33,-18,-33,-10,58,133,71,109,117,90,43,132,171,180,155,110,193,233,244,221,177
12,Polygon ZM,39893,1/12/2013,Harris Lake,14.56162,126.547018,0,0,0,0,0,0,0,0,0,33840.83296,4.218975,568841.4995,4869365.149,473.800018,76,493.315939,1684.113673,0.054287,0,1,0,192.423838,1,0,76,12,568841.4995,4869365.149,-20,-90,-145,-153,-113,-37,9,42,-29,-82,-94,-62,10,70,104,32,-18,-34,-10,57,132,66,102,112,87,38,130,167,178,155,108,194,233,245,223,178
13,Polygon ZM,40988,4/10/2009,Lake Vanare,3.362687,14.43124,0,0,0,0,0,0,0,0,0,6059.441169,10.167504,598092.8517,4802792.808,214.900009,338,8.572616,0,0.215961,0,0,0,234.338322,0,0,127,13,598092.8517,4802792.808,0,-62,-124,-135,-94,-19,26,65,-4,-63,-76,-45,28,88,130,55,-1,-16,5,76,151,85,127,138,110,61,149,192,205,177,131,213,258,272,245,201
14,Polygon ZM,76584,5/11/2009,Stark Falls Reservoir,13.500382,260.659263,0,0,0,0,0,0,0,0,0,27657.71232,2.613804,520166.3548,4920813.091,413,47,7.61095,0,0,0,2,0,170.944377,1,0,25,14,520166.3548,4920813.091,-15,-91,-150,-157,-117,-35,13,44,-33,-89,-100,-66,9,71,104,26,-27,-42,-15,54,130,71,112,123,97,45,131,174,186,162,112,191,236,249,227,179
15,Polygon ZM,80052,1/11/2013,Rock Pond,1.341194,7.632565,0,0,0,0,0,0,0,0,0,27711.38353,3.107335,484234.0786,4871434.924,410,28,66.487875,156.92142,0,0,0,0,213.532139,0,0,72,15,484234.0786,4871434.924,-15,-89,-148,-154,-114,-32,16,45,-30,-86,-96,-63,12,74,105,30,-23,-38,-12,57,132,73,113,122,96,45,133,174,185,160,111,193,236,249,225,178
16,Polygon ZM,80305,1/11/2013,Stony Creek Ponds,9.24703,77.624477,0,0,0,0,0,0,0,0,0,10178.80156,2.399491,555034.2208,4895936.449,472,83,7.600191,12.332546,0.082161,0,0,0,179.789115,0,0,57,16,555034.2208,4895936.449,-21,-93,-149,-156,-118,-39,9,41,-32,-86,-97,-66,8,70,103,30,-22,-37,-13,55,131,65,104,114,88,39,129,169,181,156,109,193,235,248,224,179
17,Polygon ZM,80332,5/11/2009,Grass Pond,86.91508,1135.282489,0,0,0,0,0,0,0,0,0,20081.96224,0.640782,516865.6966,4879947.539,531.299988,47,87.717575,338.489065,0,0,0,0,206.303439,0,0,68,17,516865.6966,4879947.539,-23,-99,-154,-160,-121,-40,8,38,-37,-89,-100,-69,5,68,100,26,-24,-40,-16,51,128,65,103,113,88,36,126,166,178,155,105,187,230,243,222,175
18,Polygon ZM,80333,5/11/2009,Hitchins Pond,15.901102,107.354836,0,0,0,0,0,0,0,0,0,15409.86924,0.256565,527300.8909,4884710.94,522.5,47,134.825539,1869.084563,0.04962,0,0,0,195.26966,0,1,67,18,527300.8909,4884710.94,-24,-98,-154,-159,-119,-40,8,38,-36,-90,-100,-67,6,68,100,27,-25,-40,-15,52,128,64,103,112,86,36,125,167,178,153,105,187,231,244,221,175
19,Polygon ZM,83981,7/8/2009,Star Lake,11.24667,87.279956,0,0,0,0,0,0,0,0,0,34564.53354,10.647061,495972.233,4889486.231,441.399994,224,2.064231,0,0.448135,0,0,0,197.250067,0,0,63,19,495972.233,4889486.231,-19,-94,-152,-158,-118,-36,12,42,-34,-89,-99,-66,9,70,103,27,-25,-40,-14,54,129,70,110,119,94,42,130,172,183,159,109,190,234,247,224,177
20,Polygon ZM,83982,5/11/2009,Little Tupper Lake,37.656454,925.173509,0,0,0,0,0,0,0,0,0,17486.97882,1.441417,531523.2845,4876454.7,523.799988,116,157.114707,524.0815,0.032227,0,1,0,204.323187,1,0,70,20,531523.2845,4876454.7,-24,-97,-152,-158,-118,-40,7,38,-35,-88,-98,-66,6,67,100,28,-23,-38,-14,52,128,65,102,111,86,36,127,166,177,153,105,189,231,243,221,175
21,Polygon ZM,87728,5/11/2009,Piercefield Flow,15.427906,194.899665,0,0,0,0,0,0,0,0,0,2502.92752,2.416178,535696.3948,4897487.949,470,114,1850.653821,16359.40774,0.062417,0,0,0,185.288096,1,15,55,21,535696.3948,4897487.949,-21,-94,-150,-157,-117,-38,9,41,-33,-86,-98,-65,8,69,103,29,-22,-38,-13,54,130,66,106,116,90,39,129,171,182,157,108,192,236,248,225,178
22,Polygon ZM,89320,7/8/2009,Mud Pond,2.672985,20.983007,0,0,0,0,0,0,0,0,0,25820.41703,0.669747,482310.8835,4869009.713,409,28,71.537039,165.224651,0,0,0,0,216.340817,1,0,77,22,482310.8835,4869009.713,-15,-89,-146,-154,-114,-32,17,45,-30,-84,-96,-64,12,75,105,29,-22,-38,-13,56,133,73,113,122,96,45,132,174,185,160,111,192,236,249,225,178
23,Polygon ZM,121761,7/27/2009,Limekiln Lake,10.462815,187.864597,0,0,0,0,0,0,0,0,0,53943.42272,3.655004,516149.7546,4839965.536,575,54,14.1211,10.304766,0,0,1,0,232.143234,1,0,104,23,516149.7546,4839965.536,-26,-97,-152,-159,-120,-39,8,36,-35,-88,-100,-69,6,67,98,27,-24,-40,-17,52,127,66,104,111,85,35,126,166,175,151,103,186,228,240,217,172
24,Polygon ZM,121762,9/7/2009,Osgood Pond,12.041545,208.461896,0,0,0,0,0,0,0,0,0,12341.07311,2.40361,560714.9812,4922242.645,503,364,23.350533,64.136481,0.171046,0,1,0,160.588832,1,0,24,24,560714.9812,4922242.645,-21,-95,-151,-159,-121,-41,8,38,-36,-90,-102,-70,4,66,98,24,-29,-44,-18,49,125,64,105,115,89,38,125,168,180,155,106,186,231,245,221,174
25,Polygon ZM,122130,1/11/2013,Otter Lake,6.92894,60.114171,0,0,0,0,0,0,0,0,0,35315.12303,7.957224,490435.3105,4826584.786,462.300018,60,5.3793,0.487509,0.526219,0,1,0,252.122954,0,0,114,25,490435.3105,4826584.786,-16,-87,-145,-152,-112,-32,16,44,-29,-83,-95,-63,12,74,104,30,-21,-38,-13,56,132,74,113,121,95,44,132,173,184,159,110,191,234,247,223,176
26,Polygon ZM,122512,7/27/2009,Lake Rondaxe,17.348085,100.467057,0,0,0,0,0,0,0,0,0,45070.49562,1.991489,507929.4643,4845996.412,524.200012,137,137.180297,972.006041,0,0,0,0,230.255361,0,0,99,26,507929.4643,4845996.412,-24,-97,-154,-160,-121,-38,9,38,-35,-89,-100,-69,7,69,100,28,-23,-40,-16,53,129,68,106,113,87,36,128,168,178,153,105,188,230,243,219,174
27,Polygon ZM,122513,7/27/2009,Big Moose Lake,30.218134,498.653007,0,0,0,0,0,0,0,0,0,47293.33788,2.991634,511071.5232,4852465.192,556.5,167,81.703249,188.629973,0,0,1,0,224.835309,0,0,91,27,511071.5232,4852465.192,-25,-99,-155,-161,-121,-39,8,37,-36,-90,-101,-69,6,68,99,27,-24,-40,-17,52,128,65,105,112,86,35,125,167,176,152,103,186,229,241,218,172
28,Polygon ZM,122967,1/11/2013,South Lake,14.231313,200.498892,0,0,0,0,0,0,0,0,0,43899.17212,1.526457,509252.8127,4817449.802,615.299988,126,16.21558,1.527644,0,0,1,0,256.229085,1,0,120,28,509252.8127,4817449.802,-25,-96,-151,-157,-118,-41,8,34,-37,-89,-100,-69,3,65,94,22,-27,-43,-20,47,123,66,103,112,85,36,124,162,174,148,101,182,222,236,211,167
29,Polygon ZM,123188,9/7/2009,Barnum Pond,2.917716,37.677773,0,0,0,0,0,0,0,0,0,14615.04237,2.774979,558910.9849,4923235.113,504,364,1.775734,0,1.057611,0,0,0,159.30023,1,0,23,29,558910.9849,4923235.113,-21,-95,-152,-159,-121,-42,9,38,-36,-91,-101,-70,3,67,97,23,-29,-43,-19,48,125,64,104,115,89,38,125,166,179,154,105,186,229,244,220,173
30,Polygon ZM,123229,7/27/2009,North Lake,18.404559,174.76557,0,0,0,0,0,0,0,0,0,43583.07936,7.184111,505913.6457,4820469.537,555.299988,60,79.528994,55.325693,0,0,0,0,255.552745,1,0,118,30,505913.6457,4820469.537,-21,-92,-149,-155,-116,-37,11,39,-32,-86,-98,-66,7,69,100,28,-23,-40,-16,52,128,69,107,115,88,39,127,167,178,152,106,186,228,242,217,173
31,Polygon ZM,123712,7/27/2009,Quiver Pond,1.259368,7.630464,0,0,0,0,0,0,0,0,0,48694.54353,5.586739,510363.2236,4842737.943,530,137,0.219867,0,0,0,1,0,229.770205,1,0,102,31,510363.2236,4842737.943,-24,-96,-153,-159,-119,-38,9,38,-34,-88,-100,-67,7,69,100,28,-23,-40,-15,53,129,68,106,113,86,36,128,168,178,152,105,188,230,243,219,174
32,Polygon ZM,123968,7/27/2009,Twitchell Lake,7.017911,57.724486,0,0,0,0,0,0,0,0,0,46988.87651,2.051463,509061.5437,4854915.194,625.400024,119,7.546972,17.422734,0,0,1,0,221.252072,1,0,85,32,509061.5437,4854915.194,-29,-103,-158,-164,-125,-43,6,32,-41,-93,-105,-73,1,64,93,22,-28,-45,-21,46,122,63,100,108,83,32,122,161,171,148,99,181,223,235,213,167
33,Polygon ZM,124668,9/7/2009,Mountain Pond,4.426323,24.496358,0,0,0,0,0,0,0,0,0,16408.91048,4.547885,557677.1776,4924882.294,500,364,3.399193,3.980608,0.564165,0,0,0,158.557172,1,0,21,33,557677.1776,4924882.294,-21,-95,-151,-159,-121,-41,9,38,-36,-90,-102,-70,4,67,98,23,-29,-44,-19,49,125,64,105,116,90,38,124,167,180,155,105,185,230,244,221,173
34,Polygon ZM,125442,7/27/2009,Brantingham Lake,11.421717,134.973034,0,0,0,0,0,0,0,0,0,18161.98363,7.882445,478365.5104,4837952.288,376.100006,75,12.143188,14.859116,0,0,0,0,246.202521,0,0,107,34,478365.5104,4837952.288,-10,-80,-139,-147,-107,-27,21,49,-24,-79,-91,-59,16,78,108,33,-19,-34,-10,60,136,78,118,126,100,49,137,179,188,164,114,196,240,251,228,180
35,Polygon ZM,125444,9/7/2009,Upper St. Regis,19.896692,291.327737,0,0,0,0,0,0,0,0,0,10860.95773,2.73551,557490.0422,4917389.535,494,364,14.398923,0,0.063598,0,1,0,165.872399,1,0,32,35,557490.0422,4917389.535,-21,-95,-150,-158,-120,-40,9,39,-35,-88,-100,-69,5,68,100,25,-26,-41,-17,51,127,65,105,116,90,38,127,168,181,156,107,189,232,246,222,176
36,Polygon ZM,126178,7/27/2009,Long Lake,10.800596,64.423051,0,0,0,0,0,0,0,0,0,35300.39938,3.01979,487827.0897,4823043.855,447.200012,60,18.124127,69.361303,0.28867,0,0,0,257.68226,1,0,115,36,487827.0897,4823043.855,-14,-86,-143,-151,-111,-31,17,45,-28,-82,-95,-63,12,74,105,30,-21,-38,-14,56,132,74,115,122,96,45,132,175,184,159,110,191,235,247,223,176
37,Polygon ZM,126429,7/27/2009,Payne Lake,1.439518,7.183036,0,0,0,0,0,0,0,0,0,14636.09477,1.188249,476642.4944,4849174.153,382.800018,124,0.3239,0,0,0,0,0,234.943561,1,0,95,37,476642.4944,4849174.153,-11,-83,-142,-150,-109,-29,19,48,-26,-81,-94,-60,15,76,107,32,-20,-37,-11,59,134,76,116,124,99,48,135,177,187,163,113,194,238,250,227,179
38,Polygon ZM,126857,9/7/2009,Spitfire Lake,6.715435,108.713448,0,0,0,0,0,0,0,0,0,11659.04024,1.598485,557880.6015,4918371.467,494,364,21.129212,370.631222,0.138984,0,0,0,163.803434,1,0,30,38,557880.6015,4918371.467,-22,-96,-152,-159,-121,-41,8,38,-36,-90,-101,-70,4,66,98,24,-28,-42,-18,50,125,63,105,115,89,38,124,168,180,155,106,186,231,245,221,174
39,Polygon ZM,126891,7/27/2009,White Lake,9.774165,99.062815,0,0,0,0,0,0,0,0,0,35617.59547,7.600428,487563.1092,4821025.726,435.300018,60,3.630882,0.255184,1.211291,0,1,0,258.82475,0,0,117,39,487563.1092,4821025.726,-13,-84,-142,-149,-110,-31,18,46,-27,-82,-93,-62,13,75,105,31,-21,-37,-13,57,133,75,115,123,96,46,133,175,185,159,111,192,235,248,223,177
40,Polygon ZM,126893,1/11/2013,Lake Lila,19.961123,580.947905,0,0,0,0,0,0,0,0,0,28948.7977,2.182251,518996.6348,4872229.818,523,47,121.180622,350.368331,0,0,0,0,206.700136,1,0,71,40,518996.6348,4872229.818,-24,-98,-153,-159,-120,-39,9,38,-35,-88,-99,-68,6,69,100,28,-23,-39,-15,52,129,65,104,112,87,37,126,167,177,154,106,188,231,243,222,175
41,Polygon ZM,126894,1/11/2013,Lower St. Regis,17.743525,185.409808,0,0,0,0,0,0,0,0,0,11358.22764,2.083935,558872.9109,4919822.432,494,364,49.188911,585.455981,0.261623,0,1,0,163.863778,1,0,27,41,558872.9109,4919822.432,-20,-94,-151,-158,-120,-40,9,39,-35,-89,-100,-69,5,67,99,25,-27,-42,-17,51,126,64,105,116,90,39,125,168,181,156,107,187,232,246,222,175
42,Polygon ZM,126895,9/7/2009,Lake Ozonia,12.756446,165.287683,0,0,0,0,0,0,0,0,0,27719.3246,4.431457,530272.3446,4938562.616,420.600006,43,6.491986,0,0,0,1,0,156.636085,1,0,8,42,530272.3446,4938562.616,-16,-91,-150,-158,-119,-37,13,42,-35,-91,-102,-70,6,69,100,22,-32,-46,-20,50,126,70,112,124,97,46,128,172,186,160,111,187,233,248,224,176
43,Polygon ZM,127118,7/27/2009,Cleveland Lake,0.960453,4.199303,0,0,0,0,0,0,0,0,0,15510.66998,3.39979,477281.5001,4849417.707,382.800018,124,3.430345,7.270125,0,0,0,0,234.336676,1,0,94,43,477281.5001,4849417.707,-10,-82,-141,-148,-108,-28,20,49,-25,-80,-92,-59,16,77,109,33,-19,-35,-10,60,135,76,116,125,100,49,135,177,188,164,115,195,239,251,228,181
44,Polygon ZM,127173,7/27/2009,Soft Maple Reservoir,27.732564,176.392528,0,0,0,0,0,0,0,0,0,23243.53766,4.301888,483055.6271,4862092.146,392.700012,28,633.437788,5544.883662,0,0,1,1,224.122825,1,2,79,44,483055.6271,4862092.146,-13,-87,-144,-152,-112,-30,17,47,-28,-82,-94,-62,14,75,107,31,-20,-36,-11,59,134,75,115,123,98,47,135,176,186,163,114,195,238,250,228,181
45,Polygon ZM,128068,12/10/2011,Hoel Pond,10.398613,186.974645,0,0,0,0,0,0,0,0,0,13656.21102,3.871494,551820.4554,4910991.759,493,167,7.974043,20.132047,0,0,0,0,170.934844,1,0,35,45,551820.4554,4910991.759,-21,-95,-151,-158,-119,-39,8,39,-35,-89,-99,-67,6,67,100,26,-26,-40,-15,52,127,65,105,115,89,38,127,169,180,156,107,189,233,246,223,176
46,Polygon ZM,128186,12/10/2011,Buck Pond,3.930478,53.759008,0,0,0,0,0,0,0,0,0,16815.82761,3.631943,570747.6486,4928639.809,508.700012,117,3.916409,1.074543,0,0,2,0,151.320891,1,0,14,46,570747.6486,4928639.809,-20,-93,-150,-157,-120,-41,9,39,-35,-90,-100,-69,4,66,98,24,-29,-43,-18,49,124,65,107,118,92,39,125,169,182,157,106,186,231,246,222,174
47,Polygon ZM,129001,12/10/2011,Rollins Pond,13.749111,183.324084,0,0,0,0,0,0,0,0,0,6783.979884,3.368919,546768.5059,4906535.88,479,22,23.983517,140.136779,0,0,2,0,176.117792,1,0,43,47,546768.5059,4906535.88,-21,-95,-150,-157,-118,-39,9,40,-34,-87,-98,-66,7,69,101,27,-24,-39,-14,53,129,65,105,115,90,39,128,169,181,157,108,191,234,248,224,177
48,Polygon ZM,129004,12/10/2011,Loon Lake,13.352284,143.771351,0,0,0,0,0,0,0,0,0,22443.27019,6.394762,573007.8243,4934861.647,522.100037,117,8.651516,7.292237,0,0,0,0,146.719167,0,0,10,48,573007.8243,4934861.647,-20,-93,-151,-158,-120,-41,9,38,-36,-92,-102,-70,3,66,96,22,-32,-45,-20,47,123,65,106,119,92,40,124,167,182,156,106,184,229,245,220,173
49,Polygon ZM,129497,12/10/2011,Green Pond,2.567132,26.114613,0,0,0,0,0,0,0,0,0,13712.41371,4.56375,552810.4145,4909822.943,479.5,167,1.106942,2.223388,0.193941,0,1,0,170.77347,1,0,37,49,552810.4145,4909822.943,-21,-96,-151,-158,-120,-40,8,39,-35,-89,-99,-68,5,67,100,26,-26,-40,-16,51,127,63,104,114,89,38,125,168,180,155,107,188,232,246,222,176
50,Polygon ZM,129520,12/10/2011,Lake Kushaqua,13.720278,153.754634,0,0,0,0,0,0,0,0,0,16739.07722,3.636981,570377.4746,4929966.747,508.700012,117,73.14068,412.708895,0,0,1,0,151.939676,1,0,13,50,570377.4746,4929966.747,-20,-93,-150,-157,-120,-41,9,39,-35,-90,-100,-70,4,66,98,23,-30,-43,-19,49,124,65,107,118,92,39,125,169,182,157,106,186,231,246,222,174
51,Polygon ZM,129856,12/10/2011,Lake Clear,17.660792,448.191147,0,0,0,0,0,0,0,0,0,7598.886241,3.912783,559552.8527,4913083.963,491,167,32.515984,15.809239,0.238793,0,0,0,169.692827,0,0,33,51,559552.8527,4913083.963,-20,-94,-151,-158,-119,-40,9,40,-34,-89,-100,-68,6,68,101,26,-26,-41,-16,52,128,65,104,115,89,38,127,168,181,156,107,189,233,247,223,176
52,Polygon ZM,129972,12/10/2011,Inlet,13.627454,57.105449,0,0,0,0,0,0,0,0,0,12965.05176,1.587133,565704.2369,4925156.202,509,117,5.98347,0,0,0,0,0,156.806259,0,0,20,52,565704.2369,4925156.202,-21,-95,-151,-158,-120,-41,9,38,-36,-90,-101,-69,4,67,98,23,-29,-43,-18,49,125,64,105,116,90,38,124,167,180,155,106,185,230,245,221,174
53,Polygon ZM,130847,12/10/2011,Little Clear Pond,9.9894,150.973111,0,0,0,0,0,0,0,0,0,10370.29351,0.624958,556994.8765,4912360.848,487,167,6.482058,48.928385,0.027603,0,1,0,168.693841,1,0,34,53,556994.8765,4912360.848,-21,-95,-151,-158,-120,-40,8,39,-35,-89,-99,-68,5,67,100,26,-26,-40,-16,51,127,63,104,114,89,38,125,168,179,155,107,188,232,245,222,176
54,Polygon ZM,19180,10/30/2012,Lewey Lake,8.131107,148.998419,0,0,0,0,0,0,0,0,0,50259.24604,2.417266,548486.2716,4831952.011,503.300018,72,67.421457,52.6111,0.109355,0,3,0,228.232073,1,0,111,54,548486.2716,4831952.011,-20,-88,-141,-148,-109,-34,12,42,-28,-79,-90,-60,12,72,104,32,-17,-32,-10,58,133,69,104,113,87,39,131,168,178,154,108,193,232,243,221,177
55,Polygon ZM,18166,4/10/2009,Lake Luzerne,6.102458,41.972779,1,0,1,0,0,0,0,0,1,6527.100006,12.143558,594657.0433,4797352.002,190.199997,338,66.288273,116.71964,0.13011,0,2,0,242.183524,1,0,130,55,594657.0433,4797352.002,1,-61,-122,-133,-93,-17,27,66,-3,-61,-74,-44,30,89,131,56,0,-15,5,78,152,86,128,139,111,61,149,193,206,178,130,213,259,273,246,200
56,Polygon ZM,18756,4/10/2009,North Pond,2.898748,12.177403,1,0,0,0,0,0,0,0,1,14717.52686,5.729939,614455.6504,4844365.523,504.800018,83,0.758023,0,1.527658,0,0,0,185.207238,0,0,101,56,614455.6504,4844365.523,-15,-81,-140,-149,-108,-35,13,45,-24,-80,-92,-59,11,72,105,33,-19,-34,-10,57,131,69,111,121,95,46,131,173,185,160,113,193,236,250,226,181
57,Polygon ZM,19177,1/12/2013,Sacandaga Lake,21.883987,650.258795,0,0,0,0,0,1,0,0,1,41755.11602,5.149899,546761.3643,4814344.887,525.799988,40,46.758194,0,0.157559,0,2,0,246.680364,1,0,122,57,546761.3643,4814344.887,-18,-86,-139,-146,-108,-33,13,43,-27,-78,-90,-60,12,73,105,32,-17,-33,-11,58,133,71,107,116,89,41,131,169,179,154,108,192,232,243,220,176
58,Polygon ZM,19178,10/30/2012,Durant Lake,20.928278,147.448209,0,1,0,0,0,0,0,0,1,39124.22116,3.847669,547092.4192,4854760.63,539.600037,221,60.477402,95.688074,0.062318,0,1,0,211.254518,1,0,86,58,547092.4192,4854760.63,-24,-95,-147,-154,-115,-38,8,38,-33,-84,-95,-64,8,69,100,29,-21,-36,-13,54,130,64,100,108,83,36,126,164,173,150,105,189,229,239,218,174
59,Polygon ZM,19179,11/1/2010,Peck Lake,21.743656,573.477976,0,1,0,0,0,1,0,0,1,4455.103943,4.0563,547757.2245,4773275.01,420.899994,10,45.701722,0,0.045663,0,1,0,286.478431,0,0,136,59,547757.2245,4773275.01,-7,-71,-124,-132,-94,-24,22,54,-16,-67,-79,-48,21,82,115,39,-10,-25,-2,67,142,80,119,129,103,53,140,181,192,168,119,201,244,256,233,185
60,Polygon ZM,22342,2/4/2010,Lake Algonquin,10.385817,104.837925,1,0,0,0,0,0,0,0,1,30595.21758,10.179335,557246.839,4805060.303,301.100006,449,587.670839,643.804216,0.084752,0,0,0,250.337261,1,0,126,60,557246.839,4805060.303,-7,-72,-127,-135,-96,-23,22,56,-14,-67,-79,-48,23,84,119,45,-6,-22,0,70,146,80,119,128,101,52,142,183,194,168,120,205,248,260,236,189
61,Polygon ZM,22345,10/30/2012,Brant Lake,43.10026,615.709256,1,0,1,0,0,0,0,0,1,18206.2991,9.351074,604505.0163,4841174.804,243.5,165,105.58067,210.277902,0.179317,1,2,0,202.054482,1,0,103,61,604505.0163,4841174.804,-2,-68,-130,-140,-98,-22,22,61,-10,-68,-81,-49,25,84,124,49,-5,-21,1,72,147,80,122,133,106,57,145,187,201,174,127,210,253,269,243,197
62,Polygon ZM,27286,4/10/2009,Minerva Lake,5.047914,31.888699,1,0,0,0,0,0,0,0,1,33789.92881,2.483162,582284.5763,4849456.383,370,76,9.180488,15.785805,0.457675,0,0,0,199.318756,0,0,93,62,582284.5763,4849456.383,-12,-80,-137,-147,-106,-30,15,50,-20,-75,-88,-56,17,77,113,41,-12,-28,-5,64,139,72,110,120,94,46,136,175,186,162,116,200,241,253,230,186
63,Polygon ZM,28708,8/13/2009,Piseco Lake,35.561077,1152.409978,0,0,0,0,0,1,0,0,1,36924.03562,4.974434,536727.3447,4806631.127,506.100006,126,160.371487,339.373891,0.104104,0,3,0,262.479425,1,0,125,63,536727.3447,4806631.127,-16,-84,-137,-144,-107,-32,14,45,-26,-77,-88,-59,13,73,106,33,-17,-32,-10,58,133,72,110,118,91,43,132,172,182,156,110,193,234,246,222,177
64,Polygon ZM,28710,1/12/2013,Lake Pleasant,17.08237,596.757447,0,0,0,0,0,1,0,0,1,39698.25822,6.968361,551442.6188,4815098.573,525.900024,598,65.503667,368.001755,0.145702,0,2,0,247.079553,1,0,121,64,551442.6188,4815098.573,-18,-85,-139,-146,-108,-33,13,43,-27,-79,-89,-60,12,73,105,32,-18,-32,-11,58,133,70,106,115,89,41,131,168,179,154,108,192,231,243,220,176
65,Polygon ZM,30766,8/13/2009,Hunt Lake,3.766452,55.464537,0,0,0,0,1,0,0,0,1,3584.179457,5.104074,588876.9725,4790258.577,377.300018,338,5.577875,0,0,0,0,0,251.268331,0,0,132,65,588876.9725,4790258.577,-5,-69,-127,-136,-97,-23,22,57,-12,-67,-79,-49,23,82,119,45,-7,-22,0,69,143,81,123,132,105,56,142,185,195,169,122,203,247,259,234,189
66,Polygon ZM,30966,4/10/2009,Daggett Pond,3.839774,23.286677,1,0,0,0,0,0,0,0,1,4317.223089,9.827164,593296.2649,4821197.123,269.399994,35,1.092595,0,0,0,0,0,219.83011,0,0,116,66,593296.2649,4821197.123,-4,-68,-129,-140,-98,-23,22,59,-10,-67,-81,-49,24,84,123,49,-4,-21,1,71,147,81,122,132,105,56,144,187,199,172,125,208,252,266,240,195
67,Polygon ZM,32010,10/30/2012,Paradox Lake,30.541198,378.214077,1,1,1,0,0,0,0,0,1,17203.73574,6.699668,603540.7322,4859693.478,248.699997,31,120.168724,534.823815,0.138589,0,1,0,181.7588,1,0,81,67,603540.7322,4859693.478,-5,-72,-133,-143,-101,-25,21,58,-13,-70,-83,-51,23,83,121,46,-7,-23,0,71,145,77,119,130,104,54,142,185,198,173,124,208,252,267,242,195
68,Polygon ZM,35320,10/30/2012,Loon Lake (Warren County),19.931736,212.345588,1,0,0,0,0,0,0,0,1,16746.90625,9.040041,591867.8276,4837004.615,264.600006,54,33.632037,74.479732,0.316917,0,0,0,207.827689,1,0,109,68,591867.8276,4837004.615,-4,-70,-130,-140,-100,-23,21,59,-11,-68,-81,-50,24,83,123,49,-5,-21,0,72,146,79,120,130,104,55,143,186,197,172,125,208,252,265,241,195
69,Polygon ZM,35321,10/30/2012,Schroon Lake,52.882524,1721.817843,1,0,1,0,0,0,0,0,1,23107.64151,8.159356,598579.9343,4846951.353,246,528,814.729457,2558.82074,0.197241,1,3,0,201.859183,1,1,97,69,598579.9343,4846951.353,-3,-70,-131,-141,-100,-23,22,60,-11,-68,-81,-50,24,84,124,49,-5,-21,0,72,147,80,122,131,105,55,145,188,199,173,125,210,254,268,242,196
70,Polygon ZM,37360,8/13/2009,Efner Lake,2.869246,41.007632,0,0,0,0,1,0,0,0,1,5851.249505,2.539899,586946.4667,4790958.472,356.300018,338,10.405523,71.513021,0,0,0,0,251.264405,0,0,131,70,586946.4667,4790958.472,-5,-69,-127,-136,-97,-23,22,56,-12,-67,-79,-49,23,82,118,45,-7,-22,0,69,143,81,122,132,106,55,142,184,195,170,121,203,246,259,234,188
71,Polygon ZM,76585,5/11/2009,Carry Falls Reservoir,42.915517,1243.220837,0,1,0,0,0,0,0,0,1,20538.91059,0.642211,520721.1455,4917996.088,422.5,47,2250.661373,17049.1443,0.063823,0,2,0,179.099827,1,15,31,71,520721.1455,4917996.088,-17,-92,-150,-157,-118,-36,13,43,-33,-89,-99,-67,9,71,103,26,-27,-41,-15,54,130,69,111,122,96,44,129,173,185,161,111,190,236,249,227,179
72,Polygon ZM,76586,5/11/2009,Tupper Lake,72.698103,1659.761881,0,1,0,0,0,0,0,0,1,0,2.663913,540471.5167,4893687.764,471,109,447.467697,3849.431838,0.066275,0,2,0,195.046955,1,2,61,72,540471.5167,4893687.764,-21,-94,-150,-157,-118,-38,9,41,-33,-86,-98,-66,8,69,103,29,-22,-38,-13,55,130,65,105,114,89,39,128,170,180,157,109,192,235,247,225,179
73,Polygon ZM,78438,1/11/2013,Raquette Lake,73.627418,2123.865136,0,1,0,0,0,0,0,0,1,35789.69091,2.685733,529085.7421,4854125.339,537.100037,179,295.031438,1347.603748,0.102214,0,4,0,223.203201,1,2,89,73,529085.7421,4854125.339,-24,-96,-151,-157,-117,-39,8,38,-34,-87,-97,-66,7,68,101,29,-22,-37,-14,53,129,66,103,110,84,36,127,166,175,151,105,189,230,241,219,175
74,Polygon ZM,78440,12/4/2008,Rainbow Falls Reservoir,17.624083,269.320257,0,1,0,0,0,0,0,0,1,19244.73154,1.991764,516717.2283,4928503.527,360,47,122.546307,508.342739,0,0,1,0,167.237417,1,2,15,74,516717.2283,4928503.527,-13,-88,-148,-156,-116,-33,16,46,-31,-88,-100,-66,11,73,105,26,-27,-43,-15,55,131,73,115,127,101,49,132,176,189,164,115,192,238,252,228,181
75,Polygon ZM,80331,1/11/2013,Cranberry Lake,128.093327,2793.676195,0,1,0,0,0,0,0,0,1,23135.72413,2.307866,509178.6646,4885809.351,452.600006,114,368.039072,591.080552,0.005035,0,1,0,204.165805,1,0,66,75,509178.6646,4885809.351,-21,-96,-152,-158,-119,-37,10,41,-34,-87,-99,-67,8,70,103,29,-22,-39,-14,54,130,68,107,116,91,40,129,171,181,158,109,190,235,247,226,178
76,Polygon ZM,80336,5/11/2009,Long Lake (Hamilton),77.985729,1685.449736,0,1,0,0,0,0,0,0,1,16443.58414,3.18502,551631.2787,4876804.882,496,116,763.758186,6026.052781,0.078088,0,3,0,210.815777,1,5,69,76,551631.2787,4876804.882,-22,-94,-148,-155,-116,-38,9,40,-32,-84,-95,-64,8,70,102,30,-20,-35,-12,55,131,64,102,111,86,37,128,167,177,154,107,192,233,244,222,177
77,Polygon ZM,82185,5/11/2009,Blake Falls Reservoir,28.557828,255.270886,0,1,0,0,0,0,0,0,1,23959.54974,3.43588,519399.5513,4925385.934,381,47,70.780795,175.288734,0,0,2,0,169.906881,1,0,19,77,519399.5513,4925385.934,-14,-88,-148,-157,-116,-34,15,45,-31,-88,-100,-66,10,73,105,27,-27,-42,-15,55,131,71,114,125,99,47,131,175,188,163,113,192,237,251,228,180
78,Polygon ZM,85824,5/11/2009,Horseshoe Lake,7.247426,160.8807,0,1,0,0,0,0,0,0,1,13278.82397,3.989355,530328.1346,4886568.617,526,47,11.914601,0.118186,0.502712,0,2,0,192.542141,1,0,65,78,530328.1346,4886568.617,-24,-98,-153,-159,-119,-40,8,38,-36,-89,-100,-67,6,68,100,26,-24,-40,-15,52,128,63,103,112,86,37,125,167,178,153,106,188,231,244,221,175
79,Polygon ZM,89604,8/8/2011,Chaumont Pond,26.078683,289.604263,0,1,0,0,0,0,0,0,1,35286.6441,2.804166,504169.3767,4895501.617,432.800018,224,448.285913,3531.777331,0.015882,0,0,0,193.243957,1,2,59,79,504169.3767,4895501.617,-18,-94,-151,-157,-117,-35,13,43,-33,-88,-98,-65,10,72,105,28,-24,-39,-13,55,131,69,110,119,94,42,130,173,184,160,110,191,236,249,227,179
80,Polygon ZM,89605,5/11/2009,Forked Lake,47.630392,611.764026,0,1,0,0,0,0,0,0,1,30139.42237,0.82971,534093.2743,4860818.057,531,20,444.091409,4467.184892,0.067906,0,0,1,213.755264,1,4,80,80,534093.2743,4860818.057,-24,-96,-150,-157,-117,-39,8,38,-34,-86,-98,-66,7,69,100,29,-22,-38,-14,54,130,64,102,110,85,36,126,166,176,152,105,189,230,242,220,175
81,Polygon ZM,91551,8/8/2011,Simon Pond,33.416408,315.394772,0,1,0,0,0,0,0,0,1,0,2.524353,544659.2921,4893443.392,471,109,28.712481,0,0,0,0,0,186.689071,1,0,62,81,544659.2921,4893443.392,-21,-94,-149,-156,-117,-38,9,41,-33,-85,-97,-65,8,70,103,29,-21,-37,-12,55,131,65,104,114,89,39,128,170,181,157,109,192,236,248,225,179
82,Polygon ZM,107014,12/10/2011,Lincoln Pond,16.817305,261.668446,1,0,0,0,0,0,0,0,1,31704.17063,3.31006,613538.4109,4887280.84,314,351,36.80347,50.959365,0.307618,0,1,0,155.311606,1,0,64,82,613538.4109,4887280.84,-8,-76,-137,-148,-108,-30,17,53,-18,-75,-89,-57,17,78,115,40,-13,-29,-5,64,139,73,116,129,101,50,137,181,196,169,119,202,247,263,237,189
83,Polygon ZM,108326,12/10/2011,Putnam Pond,10.036943,114.506182,1,0,0,0,0,0,0,0,1,9706.504373,0.712787,614138.4716,4854507.815,398.700012,31,19.269946,54.389945,0,0,1,0,178.437853,1,0,87,83,614138.4716,4854507.815,-10,-77,-137,-146,-105,-30,16,51,-19,-76,-88,-55,16,76,112,39,-14,-29,-5,63,137,73,115,126,100,50,136,179,192,167,118,200,244,259,234,187
84,Polygon ZM,114401,12/10/2011,Chazy Lake,20.666703,746.208084,1,0,0,0,0,0,0,0,1,6498.132347,6.158864,593442.8094,4954656.236,469.700012,99,47.299632,0,0.066902,0,1,0,125.774796,1,0,3,84,593442.8094,4954656.236,-12,-84,-144,-153,-114,-37,15,42,-33,-90,-100,-68,5,69,97,19,-35,-46,-21,47,123,72,117,128,103,50,128,175,188,164,113,185,233,249,225,176
85,Polygon ZM,119467,12/10/2011,Rogers Pond,0.419191,1.167499,0,0,0,0,0,0,0,0,0,40685.9798,2.856166,626972.8727,4898201.529,162,351,0.369094,0,0,0,0,0,137.896373,0,0,54,85,626972.8727,4898201.529,0,-67,-132,-142,-100,-22,24,60,-12,-72,-85,-51,24,84,120,44,-11,-27,-1,70,144,82,125,138,111,60,145,189,204,178,128,208,254,270,245,196
86,Polygon ZM,121312,12/10/2011,Highlands Forge Lake,3.422793,50.26079,1,0,0,0,0,0,0,0,1,22877.76031,5.041956,623871.2892,4918593.399,173,351,3.100876,0,0,0,0,0,129.179439,0,0,29,86,623871.2892,4918593.399,0,-67,-131,-141,-99,-23,24,59,-14,-73,-85,-51,22,82,118,40,-15,-29,-3,67,141,82,127,139,113,60,143,189,203,178,126,205,252,268,243,193
87,Polygon ZM,122516,9/7/2009,Deer River Flow,7.441707,107.865455,1,0,0,0,0,0,0,0,1,17103.88525,0.73783,555445.3367,4944417.269,444.399994,26,63.592277,56.572934,0.173447,1,0,0,144.794177,1,0,7,87,555445.3367,4944417.269,-17,-91,-149,-157,-119,-38,12,41,-35,-91,-101,-70,5,68,99,22,-32,-45,-20,49,125,69,110,121,96,42,127,171,184,160,108,186,232,247,224,175
88,Polygon ZM,123231,7/27/2009,Fulton Chain,98.345751,1804.172586,1,1,0,0,0,0,0,0,1,41531.46025,7.399603,513187.0037,4845299.747,520.299988,137,132.324677,133.655435,0.229195,0,7,0,245.948176,1,0,100,88,513187.0037,4845299.747,-23,-95,-152,-158,-119,-38,10,39,-33,-87,-98,-67,8,70,102,29,-21,-38,-14,54,130,68,106,114,87,37,128,168,179,154,106,189,231,244,221,175
89,Polygon ZM,123644,7/27/2009,Nicks Lake,8.56322,84.581758,0,1,0,0,0,0,0,0,1,39821.90023,0.330765,500608.3562,4835603.238,520.100037,137,11.127977,0.489768,0,0,1,0,240.209401,1,0,110,89,500608.3562,4835603.238,-22,-94,-152,-159,-119,-38,11,39,-33,-88,-100,-68,7,70,101,28,-23,-40,-16,53,129,70,107,114,88,38,129,168,178,153,105,188,230,243,219,173
90,Polygon ZM,124376,7/27/2009,Thendara Lake,6.521931,19.934743,0,1,0,0,0,0,0,0,1,38612.28837,1.870124,499452.2793,4838055.703,510,137,345.968692,3205.387976,0.105089,1,0,0,238.466677,1,1,106,90,499452.2793,4838055.703,-23,-94,-153,-159,-119,-38,11,39,-33,-88,-100,-68,7,70,101,29,-23,-40,-16,53,129,70,107,114,88,38,129,168,178,153,106,188,230,243,219,174
91,Polygon ZM,124717,1/11/2013,Stillwater Reservoir,163.298123,2520.532491,0,1,0,0,0,0,0,0,1,35815.39962,1.02922,503654.0643,4862168.634,512.100037,119,429.767172,2127.311863,0,0,1,0,229.304231,1,0,78,91,503654.0643,4862168.634,-23,-98,-154,-160,-120,-37,10,39,-35,-89,-100,-68,8,70,101,28,-23,-39,-15,54,130,68,108,115,90,38,128,170,179,156,106,189,232,244,222,175
92,Polygon ZM,125402,9/7/2009,Horseshoe Pond,3.779962,19.577065,1,0,0,0,0,0,0,0,1,15472.16455,3.199176,556235.7421,4946422.905,444.399994,26,9.400636,5.458703,0.312787,0,0,0,142.739971,0,0,6,92,556235.7421,4946422.905,-17,-91,-150,-157,-119,-38,12,41,-35,-92,-102,-70,5,68,99,22,-33,-46,-20,49,125,68,110,121,96,42,126,171,184,160,108,185,232,247,224,175
93,Polygon ZM,125445,9/7/2009,Meacham Lake,11.6873,486.36299,1,0,0,0,0,0,0,0,1,24231.22884,1.692057,556663.7319,4934547.062,473.100006,26,23.438491,0,0.1142,0,1,0,153.258187,1,0,11,93,556663.7319,4934547.062,-18,-93,-150,-158,-120,-39,12,40,-35,-90,-102,-70,5,69,99,23,-30,-45,-19,49,126,67,108,119,93,41,127,169,183,158,108,187,231,247,223,175
94,Polygon ZM,126896,9/8/2009,Mountain View Lake,11.923019,95.35649,1,0,0,0,0,0,0,0,1,15081.59741,7.950968,568847.7945,4950120.396,452.600006,26,117.208844,392.725254,0,2,0,0,137.070949,0,0,5,94,568847.7945,4950120.396,-16,-90,-148,-156,-118,-38,13,41,-35,-91,-101,-69,5,68,99,20,-33,-46,-20,48,124,70,110,122,96,43,128,170,184,159,108,186,231,247,223,174
95,Polygon ZM,127584,8/2/2012,Indian Lake (Franklin),5.008895,135.184473,1,0,0,0,0,0,0,0,1,13557.63282,9.23892,568540.7474,4951813.305,452.600006,26,8.106873,0.375185,0,0,0,0,135.348781,0,0,4,95,568540.7474,4951813.305,-17,-90,-149,-156,-118,-38,14,40,-35,-92,-102,-69,4,69,97,20,-34,-47,-20,47,124,69,111,122,97,43,126,171,184,160,108,184,231,247,223,174
96,Polygon ZM,127603,12/10/2011,Augur Lake,11.467248,152.649307,1,0,0,0,0,0,0,0,1,17213.91815,2.509334,619397.2211,4923913.076,168,351,31.377689,84.821942,0.746612,1,0,0,130.021665,0,0,22,96,619397.2211,4923913.076,1,-67,-131,-140,-98,-22,25,60,-14,-74,-84,-50,23,83,119,40,-16,-28,-2,68,142,83,127,140,114,61,144,189,204,179,127,206,252,269,244,194
97,Polygon ZM,128174,12/10/2011,Lake Colby,6.804799,125.529879,1,0,0,0,0,0,0,0,1,0,3.82884,567492.9746,4910311.118,474,197,2.638918,0,0.653674,0,1,0,167.171189,1,0,36,97,567492.9746,4910311.118,-19,-92,-149,-156,-118,-39,9,41,-32,-86,-98,-66,7,69,102,29,-23,-39,-14,53,129,65,105,116,90,39,128,169,182,157,108,191,234,248,224,177
98,Polygon ZM,128178,12/10/2011,Little Colby Pond,3.107649,17.251311,1,0,0,0,0,0,0,0,1,0,1.903651,567378.7515,4908988.868,474,103,9.175661,125.529967,0.278109,2,0,0,167.238877,1,0,39,98,567378.7515,4908988.868,-20,-93,-149,-156,-118,-39,9,41,-32,-86,-97,-66,7,69,102,29,-23,-38,-14,53,129,65,105,115,90,38,128,169,181,157,107,191,234,248,224,177
99,Polygon ZM,128535,1/11/2013,Follensby Clear Pond,14.710539,200.279468,1,0,0,0,0,0,0,0,1,11029.97546,1.217388,552518.0157,4907442.928,479,167,10.546834,163.785784,0.265336,0,1,0,173.753228,1,0,42,99,552518.0157,4907442.928,-21,-94,-151,-157,-120,-40,9,39,-34,-88,-98,-68,6,69,100,27,-25,-39,-15,52,129,64,104,115,89,38,126,168,180,156,107,189,233,246,223,176
100,Polygon ZM,128536,1/11/2013,Middle Saranac Lake,18.263501,572.143432,1,0,0,0,0,0,0,0,1,9012.509386,0.064812,558495.8,4900935.036,469,385,227.773021,4041.99474,0.151467,12,1,0,177.586048,1,9,52,100,558495.8,4900935.036,-20,-93,-149,-156,-118,-38,9,41,-32,-86,-97,-66,8,69,103,29,-22,-37,-13,55,130,65,104,115,89,39,129,169,181,156,109,193,235,248,224,179
101,Polygon ZM,128644,12/10/2011,Kiwassa Lake,7.790115,114.214831,1,0,0,0,0,0,0,0,1,1224.420681,3.164208,567158.4167,4904922.392,466,693,5.240754,0.130613,0.045767,0,0,0,171.033663,1,0,48,101,567158.4167,4904922.392,-20,-92,-148,-156,-118,-38,9,41,-31,-85,-97,-66,8,69,103,31,-22,-37,-13,55,130,65,105,115,89,39,128,170,181,156,108,192,235,248,224,178
102,Polygon ZM,128807,12/10/2011,Hadlock Pond,7.353723,87.982719,1,0,1,1,0,0,1,0,1,4093.071198,8.431174,615792.0897,4809313.072,138.400009,1322,23.277505,46.162621,0,0,0,0,216.773789,0,0,124,102,615792.0897,4809313.072,5,-58,-121,-132,-90,-16,28,70,0,-60,-73,-41,32,91,135,58,2,-14,8,80,155,88,131,142,115,66,153,197,210,184,136,218,263,279,253,206
103,Polygon ZM,128827,12/10/2011,Butternut Pond,4.322901,65.748829,1,0,0,0,0,0,0,0,1,21022.89422,3.16313,619643.5433,4920688.049,203,351,13.468308,0.409302,0.804263,0,0,0,130.745626,0,0,26,103,619643.5433,4920688.049,0,-69,-133,-143,-101,-24,24,58,-15,-75,-87,-53,21,82,117,39,-16,-30,-4,66,141,81,125,138,110,59,142,188,203,175,126,204,251,268,241,193
104,Polygon ZM,129002,7/17/2013,Lower Saranac Lake,47.524292,869.864879,1,1,1,0,0,0,0,0,1,150.701925,1.039715,566060.0503,4905921.956,468,615,321.501804,5120.705279,0.143493,19,2,0,174.907649,1,10,44,104,566060.0503,4905921.956,-21,-94,-149,-158,-119,-40,9,40,-33,-86,-99,-67,6,69,101,28,-23,-39,-14,53,129,63,104,114,89,38,126,168,180,156,107,190,233,247,223,177
105,Polygon ZM,129003,1/11/2013,Franklin Falls Pond,15.327068,181.475108,1,1,1,0,0,0,0,0,1,11918.42092,5.656337,581029.2401,4919204.659,446,117,751.648597,6935.840563,0.130666,27,1,0,155.993488,1,17,28,105,581029.2401,4919204.659,-19,-90,-148,-156,-117,-40,9,40,-32,-87,-98,-66,5,67,100,27,-26,-40,-15,51,126,65,107,118,92,40,126,170,183,158,108,188,233,248,224,176
106,Polygon ZM,129005,5/25/2010,Lower Chateaugay Lake,7.617198,221.688994,1,0,1,0,0,0,0,0,1,18126.92955,6.970089,577600.3086,4963313.764,399,17,256.013244,1132.18785,0.076736,2,0,0,123.751166,1,0,1,106,577600.3086,4963313.764,-12,-84,-145,-154,-115,-35,17,44,-32,-90,-101,-68,7,71,100,21,-34,-47,-20,49,126,73,116,128,102,49,130,175,189,164,113,188,235,251,227,178
107,Polygon ZM,129417,7/17/2013,Union Falls Pond,36.447278,659.563164,1,1,0,0,0,0,0,0,1,15458.80216,2.150974,584287.0143,4926803.307,430,117,849.029658,7136.727486,0.124069,28,1,0,153.066786,0,18,16,107,584287.0143,4926803.307,-15,-86,-145,-153,-114,-37,14,44,-29,-86,-96,-64,8,72,103,28,-26,-39,-14,54,130,70,111,123,96,44,131,173,188,161,111,192,236,253,227,179
108,Polygon ZM,129492,12/10/2011,Square Pond,5.599697,85.663333,1,1,0,0,0,0,0,0,1,8722.396068,10.935012,550276.9428,4905788.847,479,22,66.214654,1016.771251,0.00291,3,1,0,174.909267,1,0,45,108,550276.9428,4905788.847,-21,-94,-150,-157,-119,-39,9,40,-34,-87,-98,-67,7,69,101,27,-24,-39,-14,53,129,65,105,114,89,39,128,169,180,156,108,191,234,247,224,177
109,Polygon ZM,129857,1/11/2013,Lake Flower,14.899035,130.996252,1,1,1,0,0,0,0,0,1,0,6.87175,569888.5946,4905436.608,466,268,482.111236,6661.184828,0.125282,25,3,0,169.93902,1,15,46,109,569888.5946,4905436.608,-20,-92,-148,-156,-118,-38,9,41,-31,-85,-97,-66,8,69,102,31,-22,-37,-13,55,130,65,105,115,90,39,128,170,181,157,109,192,235,248,224,179
110,Polygon ZM,129858,5/25/2010,Upper Chateaugay Lake,25.762087,1031.145133,1,0,1,0,0,0,0,0,1,17457.91249,2.116053,581731.7637,4954721.821,399,140,208.980582,95.814677,0.051021,0,1,0,131.322015,1,0,2,110,581731.7637,4954721.821,-11,-83,-143,-153,-113,-34,17,45,-30,-87,-99,-65,8,72,101,24,-31,-44,-17,51,127,74,117,129,102,49,131,177,191,165,113,189,237,253,228,178
111,Polygon ZM,130300,12/10/2011,Floodwood Pond,10.153008,94.323773,1,0,0,0,0,0,0,0,1,9260.965632,1.787599,548610.7866,4908857.465,479,22,56.678192,823.187211,0,0,0,0,173.795368,1,0,40,111,548610.7866,4908857.465,-21,-95,-150,-157,-118,-39,9,40,-34,-87,-98,-66,7,68,101,27,-24,-39,-14,53,128,65,105,115,90,39,128,169,181,157,108,191,234,247,224,177
112,Polygon ZM,130301,7/17/2013,Upper Saranac Lake,76.758399,1969.193752,1,1,0,0,0,0,0,0,1,8956.945574,3.395363,554189.1479,4904791.346,479,169,199.90373,2298.018411,0.133477,9,2,0,181.584604,1,6,49,112,554189.1479,4904791.346,-21,-94,-150,-157,-119,-39,8,40,-33,-87,-98,-67,7,68,101,28,-24,-38,-14,53,129,65,104,114,89,38,128,169,180,156,107,191,234,247,224,177
113,Polygon ZM,130304,1/11/2013,Taylor Pond,15.69934,357.816119,1,0,0,0,0,0,0,0,1,20771.66258,0.569559,590950.6225,4926437.887,425,41,28.920149,11.996908,0,0,1,0,145.814591,1,0,17,113,590950.6225,4926437.887,-13,-84,-143,-152,-113,-36,14,45,-28,-84,-95,-63,9,71,104,29,-25,-38,-13,54,129,70,112,124,99,47,130,174,188,164,114,191,237,253,229,181
114,Polygon ZM,130378,12/10/2011,Fish Creek Ponds,6.989403,65.171642,1,1,0,0,0,0,0,0,1,9703.344615,9.098103,551160.3037,4905161.059,479,169,82.404423,1469.526592,0.069725,6,0,0,174.717993,1,3,47,114,551160.3037,4905161.059,-22,-94,-151,-158,-120,-40,9,39,-34,-88,-99,-68,6,69,100,27,-25,-39,-15,52,129,64,104,114,88,38,127,168,180,155,107,190,233,246,223,176
115,Polygon ZM,130476,12/10/2011,Copperas Pond,1.494564,9.754914,1,0,0,0,0,0,0,0,1,6782.249887,8.071561,587740.0251,4909153.258,551,41,0.32968,0,0,0,0,0,156.941833,0,0,38,115,587740.0251,4909153.258,-22,-93,-149,-157,-119,-43,6,37,-35,-88,-99,-68,3,64,97,24,-27,-41,-17,49,123,63,103,113,88,37,124,165,177,153,105,185,228,242,219,173
116,Polygon ZM,130753,7/17/2013,Second Pond,8.063168,60.973287,1,1,0,0,0,0,0,0,1,3715.724578,0.76636,565589.7683,4903691.727,468,625,324.393066,5989.941369,0.147604,19,1,0,171.791699,1,10,50,116,565589.7683,4903691.727,-21,-94,-149,-157,-119,-40,9,40,-33,-86,-98,-67,6,69,101,28,-23,-38,-14,53,129,63,104,114,88,37,126,168,180,155,107,190,233,247,222,177
117,Polygon ZM,130754,7/17/2013,Oseetah Lake,23.965099,305.741197,1,1,0,0,0,0,0,0,1,716.394824,1.165861,569183.1217,4903522.157,466,693,416.997643,6203.006404,0.115395,24,0,0,172.271931,1,14,51,117,569183.1217,4903522.157,-19,-92,-149,-156,-117,-39,9,42,-31,-86,-97,-65,8,69,104,31,-22,-37,-13,55,130,65,105,115,89,39,129,170,181,156,109,193,235,248,224,179
118,Polygon ZM,130755,1/11/2013,Lake Placid,33.943107,796.868735,0,1,0,0,0,0,0,0,1,0,2.141587,583000.4336,4908540.192,566,357,54.423572,75.716172,0.033078,0,3,0,165.083931,1,0,41,118,583000.4336,4908540.192,-23,-95,-150,-158,-120,-44,6,36,-36,-89,-100,-69,2,65,96,24,-28,-42,-18,48,124,61,101,112,86,36,122,164,176,152,104,184,227,241,218,172
119,Polygon ZM,76586,5/11/2009,Raquette Pond,16.972749,455.38088,0,1,0,0,0,0,0,0,1,0,1.5918,541443.2863,4896699.176,471,114,1827.639272,15749.35933,0.062059,0,2,0,185.770925,1,12,56,119,541443.2863,4896699.176,-21,-94,-150,-157,-118,-38,9,41,-33,-86,-98,-66,8,69,103,28,-22,-38,-13,54,130,65,105,115,90,39,128,170,181,158,109,192,235,248,226,179
120,Polygon ZM,78438,1/11/2013,Eldon Lake,4.468414,49.940754,0,1,0,0,0,0,0,0,1,40802.74053,1.441494,530370.6434,4854435.288,537.100037,323,1.859072,0,0,0,4,0,214.730022,1,0,88,120,530370.6434,4854435.288,-24,-96,-151,-157,-117,-39,8,38,-34,-87,-97,-65,7,68,101,29,-22,-37,-13,53,129,65,102,110,85,36,126,166,175,152,105,188,230,241,219,174
121,Polygon ZM,27837,4/10/2009,Lake Forest,3.807441,10.615927,0,0,0,0,0,0,0,0,0,5856.943128,9.431048,598012.2344,4802317.39,214.900009,338,15.305863,21.140483,0.165057,0,0,0,234.997934,0,0,128,121,598012.2344,4802317.39,0,-62,-124,-135,-94,-19,26,65,-4,-63,-76,-45,28,88,130,55,-1,-16,5,76,151,85,127,138,110,61,149,192,205,177,131,213,258,272,245,201
122,Polygon ZM,87557,5/25/2010,Clear Pond (Parishville),2.067505,14.428572,0,0,0,0,0,0,0,0,0,18687.44597,0.621284,517920.4446,4933718.059,395.899994,47,0.230171,0,0,0,1,0,160.85503,1,0,12,122,517920.4446,4933718.059,-14,-90,-150,-157,-118,-35,15,44,-34,-90,-101,-68,8,71,103,23,-30,-45,-18,52,128,72,114,125,99,46,131,174,187,162,111,190,235,249,226,177
123,Polygon ZM,91235,7/8/2009,Clear Pond (Lewis County),0.87363,3.613303,0,0,0,0,0,0,0,0,0,25620.96173,2.316895,481967.1684,4870053.109,417,28,0.103153,0,0,0,0,0,215.096173,1,0,73,123,481967.1684,4870053.109,-14,-89,-148,-154,-114,-32,16,45,-30,-86,-96,-64,12,74,105,30,-23,-38,-13,56,132,73,113,122,96,45,132,174,185,160,111,192,236,248,225,178
124,Polygon ZM,124663,9/7/2009,Clear Pond (Duane),3.353404,33.56048,0,0,0,0,0,0,0,0,0,24444.33101,4.182549,556728.0096,4937357.937,475.5,26,0.610366,0,0,0,1,0,149.184991,1,0,9,124,556728.0096,4937357.937,-19,-93,-151,-159,-120,-40,11,39,-36,-91,-103,-70,4,68,98,22,-31,-46,-20,48,125,67,107,119,92,40,126,168,182,156,107,185,230,245,221,174
125,Polygon ZM,15808,1/12/2013,Caroga Lakes,13.374379,223.520165,1,0,0,0,0,0,0,0,1,9775.213442,9.448895,540737.8971,4776188.584,442.600006,10,14.898294,0,0.448117,0,2,0,284.699582,1,0,135,125,540737.8971,4776188.584,-8,-72,-125,-132,-95,-26,21,52,-17,-68,-79,-49,19,80,113,39,-11,-26,-3,65,140,79,118,128,101,52,139,180,191,166,118,199,242,254,231,184
126,Polygon ZM,80335,5/11/2009,Utowana Lake,11.02363,126.579444,0,0,0,0,0,0,0,0,0,39839.2465,0.893233,538687.2528,4853535.864,545.5,323,5809.65,642.821406,0.26735,0,0,0,214.18078,1,0,90,126,538687.2528,4853535.864,-25,-98,-151,-157,-118,-40,7,36,-36,-87,-98,-67,5,67,98,26,-23,-39,-16,51,127,63,99,108,82,34,124,162,173,149,103,186,226,238,216,172
127,Polygon ZM,82090,5/11/2009,Eagle Lake,7.531192,73.036936,0,0,0,0,0,0,0,0,0,38446.05005,2.531616,541824.9697,4855004.83,545.600037,323,3209.54,567.132186,0.333907,0,0,0,211.48348,1,0,84,127,541824.9697,4855004.83,-24,-95,-149,-155,-115,-39,8,38,-33,-85,-96,-64,7,69,100,29,-21,-37,-13,53,130,64,101,109,84,35,126,165,174,151,104,189,229,240,218,174
128,Polygon ZM,82183,5/11/2009,Blue Mountain Lake,24.116165,509.103866,0,0,0,0,0,0,0,0,0,36292.67528,3.689301,543615.1852,4856313.624,545.600037,126,2808.63,57.788851,0.295457,0,0,0,211.068852,1,0,83,128,543615.1852,4856313.624,-24,-95,-149,-156,-115,-39,8,38,-33,-86,-97,-64,7,69,100,29,-22,-37,-13,54,130,64,100,109,83,35,126,164,175,150,104,189,229,241,218,174
129,Polygon ZM,83828,5/11/2009,Lower Pond,4.018088,63.922603,0,0,0,0,0,0,0,0,0,46515.54891,2.462443,524212.5416,4850756.481,537.900024,327,333.98,0,0,0,0,0,219.584403,1,0,92,129,524212.5416,4850756.481,-25,-97,-152,-158,-119,-39,8,37,-35,-88,-99,-67,6,68,99,28,-23,-39,-15,52,128,66,102,111,85,36,127,165,176,151,105,188,229,241,218,174
130,Polygon ZM,85590,7/8/2009,Brown's Falls,7.239742,58.38092,0,0,0,0,0,0,0,0,0,33682.02623,0.192408,497997.81,4895127.768,409.700012,224,46196.13,3843.779706,0.015414,0,0,0,192.67618,1,4,60,130,497997.81,4895127.768,-18,-92,-150,-157,-117,-35,13,43,-32,-87,-98,-66,10,71,104,28,-24,-39,-14,55,130,70,111,121,95,44,130,173,184,160,112,191,236,248,226,180
131,Polygon ZM,85767,1/11/2013,Lake Eaton,9.052205,232.207605,0,0,0,0,0,0,0,0,0,23497.30446,4.229826,542786.2173,4869669.605,523,116,1111.56,0.471005,0.184187,0,0,0,200.81419,1,0,74,131,542786.2173,4869669.605,-23,-96,-150,-156,-117,-39,8,39,-34,-86,-97,-65,7,69,101,28,-21,-37,-13,54,130,64,101,110,85,36,127,166,176,153,106,190,231,242,221,176
132,Polygon ZM,85827,12/4/2008,Joe Indian Pond,8.327656,144.531782,0,0,0,0,0,0,0,0,0,26307.36674,2.426099,521806.2377,4925758.996,393.800018,47,5287,31.206469,0,0,0,0,166.735641,0,0,18,132,521806.2377,4925758.996,-14,-90,-149,-156,-117,-35,15,45,-32,-89,-99,-67,9,73,105,26,-28,-42,-16,54,131,71,113,125,98,46,131,174,188,162,112,191,236,251,227,179
133,Polygon ZM,87656,5/11/2009,Clear Pond,1.51685,5.549176,0,0,0,0,0,0,0,0,0,24537.3263,12.217802,544318.8878,4869553.43,522,116,1146.65,232.617229,0.23557,0,0,0,198.695213,0,0,75,133,544318.8878,4869553.43,-24,-96,-149,-156,-117,-39,7,38,-34,-85,-97,-66,7,68,100,28,-21,-37,-14,53,129,64,101,110,84,35,127,165,176,152,104,190,230,242,220,174
134,Polygon ZM,89537,12/4/2008,Little Wolf Pond,3.964867,66.143702,0,0,0,0,0,0,0,0,0,0,8.259227,541575.3618,4900150.513,478,114,2635.61,414.612803,0,0,0,0,180.955332,1,0,53,134,541575.3618,4900150.513,-20,-94,-150,-157,-117,-38,9,41,-33,-87,-98,-65,8,69,103,29,-23,-38,-13,54,130,65,105,115,90,39,128,170,181,157,108,191,235,248,225,178
135,Polygon ZM,91270,8/8/2011,Oswegatchie River Impoundment,10.60792,60.600697,0,1,0,0,0,0,0,0,1,30499.59727,1.483105,494205.4309,4895775.656,328.300018,224,51623.62,4032.294226,0.029189,0,0,0,192.883277,0,4,58,135,494205.4309,4895775.656,-12,-86,-146,-152,-113,-30,17,49,-27,-84,-94,-62,15,76,110,33,-21,-36,-10,60,136,74,116,126,100,48,135,179,190,165,116,197,242,254,231,184
